Workbook

Sheet Tabelle1
D6: DATETIME | E6: Add your forecast Here for: Maximum possible solar generation (in kWh). | G6: MAE | H6: =Hoja1!G982 -> 35.881989 | J6: Underutilization of the installation kWh | K6: =Hoja1!L983 -> -21320.01
D7: 2024-09-01 00:00:00+02:00 | E7: 0.08440452
D8: 2024-09-01 01:00:00+02:00 | E8: 0.08440452 | G8: *The results will be displayed once the 720 prediction values are entered.
D9: 2024-09-01 02:00:00+02:00 | E9: 0.08440452
D10: 2024-09-01 03:00:00+02:00 | E10: 0.08440452
D11: 2024-09-01 04:00:00+02:00 | E11: 0.08440452
D12: 2024-09-01 05:00:00+02:00 | E12: 0.08440452
D13: 2024-09-01 06:00:00+02:00 | E13: 0.08440452
D14: 2024-09-01 07:00:00+02:00 | E14: 0.08440452
D15: 2024-09-01 08:00:00+02:00 | E15: 0.08440452
D16: 2024-09-01 09:00:00+02:00 | E16: 0.17382896
D17: 2024-09-01 10:00:00+02:00 | E17: -0.21254729
D18: 2024-09-01 11:00:00+02:00 | E18: -0.11253366
D19: 2024-09-01 12:00:00+02:00 | E19: -0.11253366
D20: 2024-09-01 13:00:00+02:00 | E20: -0.11253366
... D726: 2024-09-30 23:00:00+02:00 | E726: 0.1681411

Sheet Hoja1
I5: Cambio <0 por 0
I6: Columna B de Predicciones
D7: DATETIME | E7: FORECAST | F7: DIFF | G7: DIFF ABS | I7: CONSUMIDO FOTOVOLTAICA FABRICA REAL
D8: 2024-09-01 00:00:00+02:00 | E8: 0 | F8: =Tabelle1!E7-Hoja1!E8 -> 0.08440452 | G8: =ABS(F8) -> 0.08440452 | I8: 0
D9: 2024-09-01 01:00:00+02:00 | E9: 0 | F9: =Tabelle1!E8-Hoja1!E9 -> 0.08440452 | G9: =ABS(F9) -> 0.08440452 | I9: 0
D10: 2024-09-01 02:00:00+02:00 | E10: 0 | F10: =Tabelle1!E9-Hoja1!E10 -> 0.08440452 | G10: =ABS(F10) -> 0.08440452 | I10: 0
D11: 2024-09-01 03:00:00+02:00 | E11: 0 | F11: =Tabelle1!E10-Hoja1!E11 -> 0.08440452 | G11: =ABS(F11) -> 0.08440452 | I11: 0
D12: 2024-09-01 04:00:00+02:00 | E12: 0 | F12: =Tabelle1!E11-Hoja1!E12 -> 0.08440452 | G12: =ABS(F12) -> 0.08440452 | I12: 0
D13: 2024-09-01 05:00:00+02:00 | E13: 0 | F13: =Tabelle1!E12-Hoja1!E13 -> 0.08440452 | G13: =ABS(F13) -> 0.08440452 | I13: 0
D14: 2024-09-01 06:00:00+02:00 | E14: 0 | F14: =Tabelle1!E13-Hoja1!E14 -> 0.08440452 | G14: =ABS(F14) -> 0.08440452 | I14: 0
D15: 2024-09-01 07:00:00+02:00 | E15: 0 | F15: =Tabelle1!E14-Hoja1!E15 -> 0.08440452 | G15: =ABS(F15) -> 0.08440452 | I15: 0
D16: 2024-09-01 08:00:00+02:00 | E16: 0 | F16: =Tabelle1!E15-Hoja1!E16 -> 0.08440452 | G16: =ABS(F16) -> 0.08440452 | I16: 0.11
D17: 2024-09-01 09:00:00+02:00 | E17: 7.3280937 | F17: =Tabelle1!E16-Hoja1!E17 -> -7.1542648 | G17: =ABS(F17) -> 7.1542648 | I17: 6.05
D18: 2024-09-01 10:00:00+02:00 | E18: 20.958318 | F18: =Tabelle1!E17-Hoja1!E18 -> -21.170865 | G18: =ABS(F18) -> 21.170865 | I18: 20.56
D19: 2024-09-01 11:00:00+02:00 | E19: 22.148642 | F19: =Tabelle1!E18-Hoja1!E19 -> -22.261175 | G19: =ABS(F19) -> 22.261175 | I19: 26.05
... D727: 2024-09-30 23:00:00+02:00 | E727: 0 | F727: =Tabelle1!E726-Hoja1!E727 -> 0.1681411 | G727: =ABS(F727) -> 0.1681411 | I727: 0
F980: suma | G980: =ABS(SUM(G8:G727)) -> 25835.032 | H980: Está alimentado? | I980: =COUNT(Tabelle1!E7:E726) -> 720 | K980: Estudiantes predicen | L980: =SUM(Tabelle1!E7:E726) -> -95.399997
F981: count | G981: =COUNT(E8:E727) -> 720 | K981: CONSUMIDO FOTOVOLTAICA FABRICA REAL | L981: =SUM(I8:I727) -> 21224.61
F982: MAE | G982: =IF(I980<G981,"",G980/G981) -> 35.881989
K983: underutilization | L983: =IF(I980<G981,"",L980-L981) -> -21320.01
